Country,Alcoholic Beverages,Animal fats,Animal Products,"Aquatic Products, Other",Cereals - Excluding Beer,Eggs,"Fish, Seafood",Fruits - Excluding Wine,Meat,Milk - Excluding Butter,Miscellaneous,Offals,Oilcrops,Pulses,Spices,Starchy Roots,Stimulants,Sugar & Sweeteners,Sugar Crops,Treenuts,Vegetable Oils,Vegetables,Vegetal Products,Obesity,Undernourished,Confirmed,Deaths,Recovered,Active,Population,Unit (all except Population)
Afghanistan,0.0014,0.1973,9.4341,0.0,24.8097,0.2099,0.035,5.3495,1.202,7.5828,0.0728,0.2057,0.07,0.2953,0.0574,0.8802,0.3078,1.3489,0.0,0.077,0.5345,6.7642,40.5645,4.5,29.8,0.0954634196465269,0.0034114262227702397,0.0673756678997123,0.0246763255240444,38928000.0,%
Albania,1.6719,0.1357,18.7684,0.0,5.7817,0.5815,0.2126,6.7861,1.8845,15.7213,0.1123,0.2324,0.9377,0.23800000000000002,0.0008,1.8096,0.1055,1.5367,0.0,0.1515,0.3261,11.7753,31.2304,22.3,6.2,0.23030303030303,0.0070472163495419295,0.11906272022551101,0.104193093727977,2838000.0,%
Algeria,0.2711,0.0282,9.6334,0.0,13.6816,0.5277,0.2416,6.3801,1.1305,7.6189,0.1671,0.087,0.3493,0.4783,0.0557,4.1339999999999995,0.2216,1.8342,0.0,0.1152,1.031,11.6484,40.3651,26.6,3.9,0.0805104042203034,0.0029578195098857,0.0561805352030119,0.0213720495074058,44357000.0,%
Angola,5.8087,0.055999999999999994,4.9278,0.0,9.1085,0.0587,1.7707,6.0005,2.0571,0.8311,0.1165,0.155,0.4186,0.6507,0.0009,18.1102,0.0508,1.8495,0.0,0.0061,0.6463,2.3041,45.0722,6.8,25,0.00516265912305516,0.00023983764836110898,0.00174958489637784,0.00317323657831622,32522000.0,%
Australia,5.5436,0.3143,21.4175,0.0033,5.4979,0.4428,1.4264,4.1883,6.7049,12.1018,0.5293,0.424,0.3694,0.0546,0.0458,2.7884,0.2928,2.5364,0.0,0.3176,1.2798,5.1406,28.5806,30.4,2,0.0843092335171235,0.00128523724469985,0.0471538401801662,0.0358701560922575,25754000.0,%
Austria,7.0215,0.8555,19.5654,0.0011,6.2116,0.7884,0.7562,4.6069,4.681,12.3776,0.0005,0.1052,0.2683,0.0456,0.0494,3.0548,0.4106,2.6094,0.0,0.2367,0.8109,5.1098,30.4338,21.9,2,0.24799192281803897,0.00811083688579762,0.22447834866502103,0.0154027372672201,8914000.0,%
Azerbaijan,3.5969,0.2544,11.6416,0.0,13.0898,0.5593,0.20199999999999999,4.7988,2.1513,8.3212,0.0145,0.1534,0.0145,0.0347,0.0044,4.7041,0.0587,1.5523,0.0,0.1906,0.2235,10.0755,38.3584,19.9,2,0.33287495053423,0.00486743173723783,0.303146022952117,0.0248614958448753,10108000.0,%
Bangladesh,0.0031,0.0156,5.1926,0.0,29.8045,0.2957,2.5221,2.8655,0.4191,1.8778,0.0197,0.0633,0.08199999999999999,0.7065,0.3195,5.3378,0.0529,0.9285,0.195,0.0934,0.7615,3.6405,44.8033,3.4,14.7,0.153411774405361,0.0020246276699114898,0.0885918885335877,0.0627952582018621,169809000.0,%
Barbados,3.565,0.2212,12.4976,0.0,8.0666,0.7792,3.275,5.8723,5.8477,2.2041,3.302,0.1704,0.8734,0.6391,0.1565,4.0812,0.1721,4.3344,0.0,0.0852,0.8677,5.4725,37.5167,24.8,3.9,0.0494773519163763,0.0024390243902439,0.0390243902439024,0.00801393728222997,287000.0,%
Belize,3.3803,0.0832,8.6856,0.0,11.07,0.3923,1.0325,12.6094,3.489,3.6317,1.7653,0.0569,0.39399999999999996,1.1259,0.0195,1.0614,0.0849,3.9798,0.0,0.034,1.0198,4.7721,41.3122,22.4,7.5,0.0422434367541766,0.000477326968973747,0.00763723150357995,0.0341288782816229,419000.0,%
Benin,5.9019,0.0132,3.7504,0.0,9.623,0.0711,1.2267,2.9523,1.4107,0.9458,0.145,0.0829,0.6628,0.7367,0.4461,19.7771,0.0042,0.6635,0.0,0.4028,0.7381,4.1964,46.2493,8.2,10.1,0.0158571545581129,0.00031124580227700897,0.0131050864116635,0.00244082234417233,12209000.0,%
Bosnia and Herzegovina,4.7876,0.0585,12.4319,0.0,8.7152,0.2576,0.2465,4.6409,1.8165,9.9443,0.486,0.1089,0.0963,0.2718,0.3922,4.0495,0.3504,1.6391,0.0,0.0822,0.4205,11.6394,37.5645,19.4,2,0.441877476379153,0.0129533678756477,0.24867418469978697,0.18024992380371802,3281000.0,%
Botswana,4.2717,0.3402,14.4486,0.0,11.432,0.1402,0.3551,2.8465,2.2840000000000003,11.0217,1.6092,0.3056,0.2019,0.2729,0.1626,4.7614,0.1336,4.7857,0.0009,0.015,1.0065,4.0558,35.5491,16.1,26.4,0.0460077686663789,8.63185153215365e-05,0.00345274061286146,0.0424687095381959,2317000.0,%
Bulgaria,7.0834,0.2488,17.2483,0.0103,8.875,0.5924,0.4845,3.9812,4.0073,11.5992,0.2254,0.3058,0.345,0.1512,0.6048,1.8576,0.2818,2.3627,0.0,0.0797,0.7085,6.2037,32.7435,27.4,3.6,0.195062797747943,0.00662624512776094,0.11520138588133401,0.07323516673884799,6927000.0,%
Burkina Faso,15.3706,0.0231,4.6611,0.0,21.2005,0.2406,0.7077,0.6596,1.2029,2.3195,0.1373,0.1664,1.8664,1.4294,0.0321,0.9723,0.0211,1.1287,0.0,0.0712,0.9503,1.5036,45.3359,4.5,20,0.00575993876477061,0.000258336124001339,0.00470745825957996,0.000794144381189303,20903000.0,%
Cambodia,4.5783,0.0377,6.08,0.0,24.8906,0.131,4.2369,2.3184,1.2247,0.3285,0.4853,0.1211,0.79,0.4903,0.0784,3.0519,0.126,2.9923,0.8367,0.0238,0.2511,3.0072,43.9195,3.5,16.4,0.00161966832290121,0.0,0.00141317674388591,0.00020649157901529299,15497000.0,%
Cameroon,5.156000000000001,0.0146,2.9330000000000003,0.0,10.3112,0.0256,1.3206,7.2151,0.8759999999999999,0.6289,0.0717,0.0673,0.8658,1.4734,0.28300000000000003,11.3883,0.0234,0.6479,0.0,0.1324,0.6398,8.859,47.067,9.5,9.9,0.0678321678321678,0.00148507406571923,0.0575983156628318,0.00874877810361681,26598000.0,%
Central African Republic,1.7435,0.1228,6.9032,0.0,3.8844,0.051,0.8041,4.5543,3.7346,1.7581,0.0614,0.4338,0.6970000000000001,0.8936,0.0031,27.7128,0.2008,0.7022,0.0,0.0,0.7240000000000001,1.9214,43.0942,6.3,59.6,0.0960869565217391,0.00124223602484472,0.0356314699792961,0.0592132505175983,4830000.0,%
Chad,0.8297,0.2023,12.2804,0.0,21.6017,0.0495,1.0451,1.0669,3.8543,5.9037,0.064,1.2256,3.0304,1.4133,0.0,6.9910000000000005,0.0087,1.3449,0.0,0.0,0.4556,0.9141,37.7189,4.8,37.5,0.00559933637494815,0.00045031699946673,0.00499496355987439,0.000154055815607039,16877000.0,%
China,2.3224,0.0866,13.424000000000001,0.0542,8.9298,1.2059,3.3435,4.2451,6.0732,1.7962,1.3773,0.8643,0.4401,0.0704,0.0364,1.9016,0.1781,3.1065,0.0253,0.2665,0.579,13.099,36.5744,6.6,8.5,0.00633962856134371,0.000334358967045426,0.00586479461774049,0.000140474976557793,1402385000.0,%
Congo,4.9612,0.0122,6.1258,0.0,6.2564,0.0457,2.3945,4.0015,3.2735,0.0963,0.17300000000000001,0.3044,0.3632,0.2408,0.0033,23.2457,0.0171,1.3907,0.0,0.0016,0.67,2.552,43.8709,8.4,40.3,0.238365349764407,0.005110547299746289,0.18035520115984102,0.0528996013048206,5518000.0,%
Costa Rica,1.6982,0.1529,18.677,0.0007,8.6611,0.7582,1.3317,9.5203,3.8631,12.4535,0.0274,0.1161,0.2914,0.8354,0.0433,1.5676,0.3181,3.9006,0.0,0.0397,1.4363,2.9837,31.3238,25.7,4.8,0.46707102328311495,0.00477401682645275,0.153062023087458,0.309234983369204,5111000.0,%
Cote d'Ivoire,1.4487,0.0132,2.9144,0.0,11.4585,0.1587,1.3914,4.8741,0.9586,0.1285,0.0163,0.2648,0.6055,0.1727,0.1247,23.308000000000003,0.0759,0.7859,0.0,0.5443,0.8656,2.8098,47.0806,9.0,19,0.0641757402101242,0.000401146131805158,0.0498643744030563,0.0139102196752627,26175000.0,%
Croatia,4.9846,0.2296,17.311,0.0005,5.7726,0.3955,0.9196,3.4094,3.6945,11.8824,0.0,0.1889,0.3494,0.0373,0.0236,1.8078,0.2458,3.088,0.0,0.0761,0.3808,12.5188,32.6838,27.1,2,0.140522388059702,0.0039303482587064705,0.122039800995025,0.0145522388059702,4020000.0,%
Cuba,2.0589,0.1202,10.0096,0.0,9.9309,0.5263,0.3368,9.0347,3.2837,5.5971,0.0787,0.1456,0.5346,1.1336,0.0089,5.1555,0.0657,3.1617,0.0,0.0006,0.4535,8.374,39.9895,26.7,2,0.0270011523801081,0.000780072688591437,0.0218065774310788,0.0044145022604379,11281000.0,%
Cyprus,3.4447,0.0277,16.1736,0.0015,7.0646,0.5746,1.8209,6.1979999999999995,5.3167,8.2744,1.4858,0.1584,0.4089,0.21100000000000002,0.0307,1.7705,0.2387,4.2194,0.0,0.1781,1.1937,7.3888,33.8191,22.6,5.6,0.10372825186412599,0.00157415078707539,0.07207953603976801,0.0300745650372825,1207000.0,%
Czechia,9.8498,0.8945,17.8065,0.0006,5.6937,0.4964,0.5355,3.3962,4.7618,10.982999999999999,0.1099,0.134,0.0949,0.1139,0.0316,3.3991,0.134,3.8081,0.0,0.0477,0.9854,4.5289,32.1944,28.5,2,0.17258305337812602,0.0036394176931690897,0.12115528182157499,0.0477883538633819,10716000.0,%
Denmark,4.8866,1.2415,23.2141,0.001,6.7226,0.8206,1.1797,3.1098,3.6804,15.9557,0.0,0.3347,0.1185,0.0369,0.0774,3.1113,0.4069,2.8728,0.0,0.1138,0.0915,5.2431,26.7812,21.3,2,0.25965002573340196,0.0106364728083719,0.22566477955052303,0.0233487733745068,5829000.0,%
Dominica,0.941,0.0319,8.9011,0.0,3.4014,0.1244,1.4188,19.3028,2.782,4.4217,0.6745,0.1219,1.1058,0.2255,0.1512,6.8477,0.2553,3.1738,0.0,0.0035,0.3797,4.6371,41.0989,28.2,6.2,0.025,0.0,0.025,0.0,72000.0,%
Egypt,0.0722,0.0896,6.7374,0.0,17.5311,0.2307,1.5844,6.9387,1.7583,2.7568,0.0187,0.317,0.6541,0.3063,0.0655,2.6919,0.0863,1.7984,2.0338,0.0268,0.3839,10.6559,43.2622,31.1,4.5,0.0949039215102725,0.0049948910250687,0.0533505947243634,0.0365584357608404,100803000.0,%
El Salvador,2.1651,0.1113,12.888,0.0,11.7265,0.7533,0.573,5.9517,2.6337,8.7381,0.5920000000000001,0.0794,1.4273,1.4661,0.0121,2.2462,0.2649,3.5260000000000002,0.0,0.0155,0.4565,7.2703,37.1029,22.7,9,0.32204906650208304,0.008686931029162171,0.149976855423546,0.163385280049375,6481000.0,%
Estonia,6.1949,0.4556,22.3154,0.0005,6.3498,0.6145,0.7127,3.5061,3.0810000000000004,17.3068,0.1501,0.1457,0.0518,0.1472,0.0576,3.2403,0.2121,2.3886,0.0,0.0886,0.3472,4.9558,27.6779,23.8,2.9,0.16213373403456,0.0047332832456799395,0.14740796393689,0.00999248685199098,1331000.0,%
Eswatini,6.2239,0.1024,7.4118,0.0019,14.7814,0.1578,0.3643,8.5537,2.5917,3.9299,0.6695,0.262,0.3005,0.3578,0.1615,5.3187,0.0648,3.1796,0.0,0.0892,0.3258,2.5701,42.5816,13.5,20.6,0.299728260869565,0.00552536231884058,0.14800724637681198,0.146195652173913,1104000.0,%
Ethiopia,2.4543,0.0276,5.2956,0.0,22.0779,0.0594,0.0608,1.1774,0.7462,4.2647,0.018000000000000002,0.1382,0.2322,3.0195,0.4298,11.2918,0.2957,1.317,0.0,0.0802,0.4699,1.8449,44.6989,3.6,20.6,0.020528908071983,0.000365484353788854,0.009059660969751821,0.0111037627484423,114916000.0,%
Fiji,1.8598,0.2922,7.8511,0.0021,10.144,0.2682,2.3832,2.1636,3.0004,1.7421,0.2586,0.1642,4.3799,0.7746,0.05,7.8599,0.1238,9.7259,0.0,0.0157,0.8683,3.9255,42.1469,30.0,3.7,0.0030133928571428603,0.00011160714285714299,0.00200892857142857,0.0008928571428571429,896000.0,%
Finland,4.5004,0.519,26.8865,0.0,5.1978,0.3979,1.5306,3.1864,3.4915,20.8378,0.7944,0.1097,0.0883,0.0533,0.0168,2.7671,0.545,1.8388,0.0,0.046,0.2468,3.8325,23.1132,24.9,2,0.137475131126786,0.00602278893109061,0.126243443660698,0.0052088985349972895,5529000.0,%
France,4.1631,0.7907,21.7097,0.0011,6.9951,0.611,1.8214,4.878,4.4005,13.784,0.1918,0.301,0.1479,0.0991,0.0164,2.6963,0.2925,2.611,0.0,0.2093,0.8675,5.1223,28.2903,23.2,2,0.368569448721897,0.0467000307976594,0.127765629812134,0.19410378811210302,64940000.0,%
Gabon,6.1881,0.0109,8.1825,0.0,9.1158,0.0701,2.2578,9.0341,4.32,0.9486,0.4751,0.5758,0.8509,0.0139,0.0015,11.8727,0.0212,1.2508,0.1248,0.0051,0.4824,2.3979,41.8004,13.4,10.5,0.3588525324966379,0.0022859704168534303,0.261004034065441,0.0955625280143433,2231000.0,%
Gambia,2.8419,0.0114,10.1417,0.0,21.8908,0.2008,3.9197,0.8742,1.1134,4.8167,0.9824,0.0812,3.1637,0.1281,0.0043,0.8614,0.2719,4.1176,0.0,0.0897,2.2026,2.4575,39.8291,8.7,10.2,0.0510964004964832,0.000951592883740174,0.00914356640463384,0.0410012412081092,2417000.0,%
Georgia,2.5343,0.2356,15.5347,0.0,15.6253,0.5032,0.6622,3.1735,2.6217,11.3605,0.7882,0.1507,0.084,0.0025,0.0247,3.7542,0.2397,3.3110000000000004,0.0,0.1631,0.6679999999999999,4.0993,34.4636,23.3,7.9,0.0336473755047106,0.00045760430686406505,0.0271870794078062,0.00600269179004038,3715000.0,%
Germany,6.7714,0.6715,20.8485,0.0011,6.0363,0.5947,0.6758,3.6131,4.6524,14.1789,0.0,0.0747,0.1701,0.0419,0.0429,3.5712,0.3493,2.5069999999999997,0.0,0.1903,0.8104,5.0542,29.1443,25.7,2,0.262314525810324,0.0110480192076831,0.23695318127250897,0.0143133253301321,83300000.0,%
Ghana,0.9444,0.0088,2.8956,0.0,6.3229999999999995,0.0705,1.4992,10.4274,0.8069,0.4178,0.1657,0.0917,0.7957,0.392,0.23800000000000002,24.6325,0.0053,0.8128,0.2815,0.0364,0.3655,1.6849,47.1041,9.7,5.5,0.132629614134458,0.000691919029382422,0.12463231744601401,0.0073053776590609205,31073000.0,%
Greece,2.2879,0.2116,17.6914,0.0005,7.2801,0.4539,1.026,6.3296,3.7836,12.0221,0.0596,0.1947,0.8112,0.2539,0.0243,3.1307,0.256,1.7744,0.0,0.6676,1.5237,7.9134,32.3038,27.4,2,0.0537289719626168,0.00199065420560748,0.012588785046728999,0.0391495327102804,10700000.0,%
Guatemala,1.7037,0.0957,10.3765,0.0,15.1579,1.4676,0.2807,6.7124,3.9589,4.4093,0.0348,0.1632,0.5276,1.6504,0.0403,1.3316,0.2872,5.3058,0.0,0.198,0.8747,5.7997,39.624,18.8,15.2,0.315437839034651,0.0122993468393668,0.252346950071958,0.0507915421233256,18066000.0,%
Guinea,0.311,0.0213,3.8776,0.0,17.2911,0.1648,0.8939,7.9395,1.1561,1.4724,0.2312,0.1692,0.9506,0.3925,0.0,11.7958,0.1196,1.3368,0.0,0.0009,1.3271,4.4286,46.1202,6.6,16.5,0.0631369426751592,0.00039808917197452204,0.0549203821656051,0.007818471337579621,12560000.0,%
Guinea-Bissau,2.4603,0.0423,4.9295,0.0,21.6069,0.1038,0.1666,6.3660000000000005,2.2155,2.1899,0.5331,0.2114,0.32799999999999996,0.2499,0.0013,8.1087,0.0167,0.7893,0.0,0.4485,1.8016,2.3642,45.0666,8.2,28,0.10648676699533001,0.00150492994291645,0.0489880643487286,0.0559937727036845,1927000.0,%
Guyana,1.8708,0.0206,9.1155,0.0,9.7847,0.1038,1.7011,5.7954,2.5237,4.7277,0.3516,0.0385,1.8367,0.3907,0.1942,1.8384,0.0742,3.2325,0.0,0.0435,0.2779,15.2061,40.8722,19.2,8.1,0.0721728081321474,0.00279542566709022,0.0240152477763659,0.0453621346886912,787000.0,%
Haiti,1.2733,0.0402,3.5986,0.0,13.4196,0.0525,0.5064,12.0278,1.9687,0.8765,0.3309,0.1532,0.4829,2.0067,0.0022,11.48,0.3801,2.0961,0.0,0.0,0.8742,2.0302,46.3997,20.5,49.3,0.066947294571604,0.00160484083136017,0.0436902569499255,0.0216521967903183,11403000.0,%
Honduras,2.0662,0.1378,13.6048,0.0,14.1699,0.4601,0.3339,6.8464,3.508,9.0154,0.6923,0.1505,0.1749,1.3962,0.0138,0.6796,0.4686,5.9591,0.0,0.0276,1.2467,2.6599,36.3883,19.4,12.9,0.485320356853204,0.0152676399026764,0.0674067315490673,0.40264598540146,9864000.0,%
Hungary,6.7533,1.0595,20.0268,0.0007,7.5908,0.8885,0.4113,3.0852,5.2042,12.4568,0.0039,0.0052,0.0679,0.1906,0.1802,3.0460000000000003,0.1031,2.5433,0.0,0.0183,0.7214,5.6788,29.9644,28.6,2,0.0484386198423262,0.006194327838640321,0.0360909183986895,0.00615337360499642,9767000.0,%
India,0.1959,0.0028,11.3357,0.0,17.3821,0.3061,0.6499,5.4333,0.35600000000000004,9.9889,0.0,0.0311,0.728,1.5709,0.3268,2.7906,0.0753,1.7471,0.0,0.1526,0.7487,7.5213,38.6568,3.8,14.5,0.162036640239983,0.00323241197057353,0.113098278694379,0.0457059495750304,1400100000.0,%
Indonesia,0.0794,0.0309,6.2575,0.0009,24.3918,0.4911,3.9386,5.5134,1.0316,0.5943,0.0026,0.1702,2.2113,0.0988,0.1508,4.6343,0.0406,1.8481,0.0,0.0564,0.8579,3.8558,43.7438,6.9,8.3,0.0467665664479519,0.00212152101833009,0.030262862526174,0.0143821829034478,271739000.0,%
Iran (Islamic Republic of),0.0007,0.5369,7.9295,0.002,14.0141,0.4916,0.7813,7.9235,2.3965,3.5808,0.0007,0.1405,0.054000000000000006,0.4729,0.0559,3.2877,0.1299,2.198,0.0,0.6421,0.7706,12.5207,42.0701,25.5,4.9,0.390783125371361,0.0221224004753417,0.34063220439691,0.0280285204991087,84150000.0,%
Iraq,0.1915,0.0423,6.2809,0.0,24.0855,1.2467,0.445,6.4975,2.5171,1.9902,0.3975,0.0396,0.3037,0.4807,0.0304,1.0842,0.1783,3.3755,0.0,0.1268,2.0139,4.9563,43.7165,27.4,29,0.38665575833857796,0.0137545626179987,0.276375078665828,0.0965261170547514,39725000.0,%
Italy,3.1892,0.2834,19.0329,0.0005,8.5417,0.6247,1.5816,6.0207,4.2963,12.1258,0.0403,0.1194,0.1836,0.2781,0.0064,1.9043,0.2946,1.7175,0.0,0.423,1.4224,6.9463,30.9671,22.9,2,0.41598945203661897,0.0583935916147008,0.33542523550484304,0.0221706249170758,60296000.0,%
Jamaica,2.4636,0.2074,11.9958,0.0074,8.5031,0.1457,1.8692,8.0661,4.3372,5.2170000000000005,0.6952,0.2111,0.9990000000000001,0.2177,0.3752,4.5837,0.1677,4.6889,0.0,0.011000000000000001,0.7584,6.4772,38.0023,24.4,8,0.0367034531861873,0.000498398006407974,0.0265218939124243,0.009683161267354929,2809000.0,%
Japan,4.044,0.0751,15.3194,0.1088,12.1692,1.696,3.9283,2.8618,4.2599,5.063,0.2962,0.1883,0.7737,0.1287,0.1036,2.2072,0.3731,2.2055,0.228,0.0812,1.3445,7.8669,34.6776,4.4,2,0.039388887565791,0.00083513936189637,0.0265545738169521,0.0119991743869426,125967000.0,%
Jordan,0.0846,0.1162,9.3186,0.0,14.138,0.3344,0.5985,4.6624,3.8651,4.2637,0.3579,0.1397,0.728,0.6393,0.0469,2.1431,0.3742,4.7276,0.0,0.1652,1.9861,10.6308,40.6798,33.4,12.2,0.0118737709523364,0.000103005899428785,0.0111152729656335,0.0006554920872740889,10679000.0,%
Kenya,1.9664,0.1175,11.4394,0.0,15.1221,0.1447,0.4329,4.6941,1.7336,8.7987,0.025,0.21100000000000002,0.2686,1.751,0.0174,7.5828,0.223,1.8098,0.0,0.0892,0.6689,4.345,38.5589,6.0,29.4,0.0503063817067703,0.000790240621730683,0.0252111044686893,0.0243050366163503,53528000.0,%
"Korea, South",4.8669,0.2553,11.8174,1.6794,11.7286,0.6414,3.4396,3.6993,4.4239,1.1394,0.0,0.2378,0.5632,0.07200000000000001,0.0288,0.9799,0.0945,2.4835,0.0006,0.1664,1.1663,12.3349,38.181,4.9,2,0.0283115428439003,0.000589019138293969,0.0265135860643866,0.00120893764121975,51781000.0,%
Lao People's Democratic Republic,0.7883,0.0979,3.6579,0.0006,16.3943,0.1063,1.4213,8.8158,1.7111,0.1632,0.3404,0.1581,0.3584,0.1485,0.1317,3.4835,0.9869,1.1101,1.9254,0.0028,0.2149,11.640999999999998,46.3416,4.5,16.5,0.000276166804750069,0.0,0.000262358464512566,1.38083402375035e-05,7242000.0,%
Latvia,5.4573,1.1805,18.8216,0.0005,6.3952,0.6645,1.3226,2.5738,3.6559,11.8285,0.2596,0.1686,0.1107,0.0032,0.0122,6.5835,0.1963,2.6169,0.0,0.0793,0.6990000000000001,6.1946,31.1757,25.7,2,0.0678233438485804,0.0016824395373291302,0.0562565720294427,0.00988433228180862,1902000.0,%
Lebanon,0.7164,0.0796,8.0679,0.0,11.8253,0.17300000000000001,0.7091,6.9852,1.9469,5.0748,0.0747,0.0853,0.5052,0.5011,0.0406,3.2676,0.3647,5.1366,0.0,0.5271,1.4807,10.5128,41.9252,31.3,11,0.0998095238095238,0.00117216117216117,0.0335531135531136,0.0650842490842491,6825000.0,%
Lesotho,3.4135,0.0233,6.0914,0.0,23.4645,0.1204,0.2383,1.8065,2.529,2.7893,0.3898,0.3924,0.0725,1.1603,0.1165,7.1935,0.0363,2.2079,0.0,0.0052,0.6786,3.3721,43.8988,13.5,13.1,0.0364612511671335,0.00112044817927171,0.008169934640522871,0.0271708683473389,2142000.0,%
Liberia,1.0338,0.0264,3.7603,0.0,16.1465,0.1598,0.7764,5.3606,2.4123,0.1545,0.2997,0.2311,0.4159,0.0977,0.0013,15.3608,0.0132,1.1236,1.1804,0.0779,1.9567,3.1728,46.2383,8.6,37.2,0.0245156188216686,0.0015618821668643699,0.0143337287465401,0.00862000790826414,5058000.0,%
Lithuania,5.5419,0.5316,23.049,0.0009,6.4732,0.7,1.5431,2.4007,3.7899,16.3529,0.0126,0.1301,0.0867,0.4388,0.0546,2.2766,0.2164,4.502,0.0,0.055,0.4924,4.4045,26.9471,28.4,2,0.0810665712240515,0.00289906943450251,0.0597709377236936,0.0183965640658554,2794000.0,%
Madagascar,0.7972,0.0415,4.9125,0.0024,19.9604,0.077,0.6267,5.0701,1.4618,2.5031,0.0782,0.2002,0.1848,0.3708,0.0486,14.4675,0.2085,1.0922,0.5852,0.0261,0.3115,1.8871,45.0869,4.5,44.4,0.047676140262179,0.000545303528222166,0.0397638221804919,0.00736701455346503,27691000.0,%
Malawi,1.1827,0.0814,2.7754,0.0,10.6197,0.0829,0.6970000000000001,8.4723,1.4923,0.2524,0.0396,0.1695,0.5436,1.1841,0.0139,20.2901,0.0389,0.6412,0.0,0.0161,0.204,3.9786,47.2242,4.7,17.5,0.0244328280188186,0.000763199163617355,0.0127025614218505,0.0109670674333508,19130000.0,%
Malaysia,0.8948,0.0882,12.6354,0.0204,17.3088,1.6596,5.3482,4.1713,4.9092,0.53,0.1541,0.0789,0.5801,0.2617,0.4502,1.6568,0.1012,3.903,0.0,0.0835,1.6336,6.1678,37.3632,15.3,2.5,0.0277416796314939,0.000381318446661176,0.0268539702876666,0.000506390897166041,32781000.0,%
Mali,2.8904,0.0444,10.1637,0.0,19.8566,0.0573,0.7543,3.8991,1.9124,7.1206,0.1841,0.2746,0.491,0.7955,0.0638,2.6772,0.0614,0.8811,0.0,0.2374,0.5144,7.2943,39.8262,7.1,6.3,0.0127055454051652,0.000617253468964496,0.00972297664312873,0.00236531529307195,20251000.0,%
Malta,3.9051,0.2062,13.6092,0.0017,7.8996,0.6714,1.7922,4.631,4.6096,6.2546,0.0315,0.0747,0.2899,0.2197,0.0331,2.059,0.2101,5.2164,0.0,0.1236,0.486,11.2856,36.3899,31.0,2,0.21302681992337197,0.0017241379310344801,0.131800766283525,0.0795019157088123,522000.0,%
Mauritania,0.0055,0.1127,15.0193,0.0,20.4873,0.2539,1.0025,1.2991,3.3994,9.825,0.7519,0.4279,0.0799,1.0999,0.0066,1.0168,0.3677,4.3166,0.0,0.0,1.5716,3.9784,34.9779,11.3,10.4,0.140967741935484,0.00337634408602151,0.119784946236559,0.0178064516129032,4650000.0,%
Mauritius,3.0805,0.0074,9.27,0.0102,17.1855,0.591,2.1303,3.568,4.6992,1.7166,1.0545,0.1173,0.4479,0.856,0.1847,1.8348,0.1625,3.568,0.0,0.0369,2.049,6.7122,40.7175,11.5,6.5,0.0271936758893281,0.0007905138339920951,0.026403162055336004,0.0,1265000.0,%
Mexico,4.4105,0.1672,15.1527,0.0201,11.4325,1.2967,0.9656,7.6794,4.3561,7.9917,0.0275,0.3552,0.1947,0.7071,0.1121,1.1644,0.0248,3.2266,0.0,0.1121,0.6856,5.0713,34.8456,28.4,3.6,0.38017716288969605,0.0414759922373858,0.30765619131088,0.0310449793414298,127792000.0,%
Mongolia,3.1430000000000002,0.3846,25.8904,0.0,10.1415,0.3727,0.044000000000000004,1.0413,8.0929,15.856,0.5962,1.1411,0.0266,0.0366,0.0037,2.6155,0.1401,1.4680000000000002,0.0,0.0137,0.555,4.3326,24.1046,19.6,13.4,0.00871764355846474,0.0,0.00782505206783695,0.000892591490627789,3361000.0,%
Morocco,0.287,0.1449,8.4754,0.0,18.7029,0.4848,1.3901,7.211,2.5074,3.7539999999999996,0.0079,0.1949,0.1892,0.3306,0.1185,3.4356,0.2042,2.6816,0.0,0.2549,0.8168,7.2860000000000005,41.5224,25.6,3.4,0.094745772140632,0.00143524699599466,0.0682131731197152,0.0250973520249221,35952000.0,%
Mozambique,1.2195,0.0297,4.0111,0.0,13.1904,0.1932,1.1353,2.8312,0.9302,1.6385,0.1565,0.0852,0.1258,1.2809,0.004,22.2864,0.105,1.0649,0.0,0.2011,0.7509,2.7738,45.9864,6.0,27.9,0.00773599435282038,5.13379965346852e-05,0.00275941731373933,0.00492523904254636,31166000.0,%
Namibia,5.4716,0.1134,9.6094,0.0053,9.9189,0.1196,1.0164,3.1266,2.6844,5.4479,0.7228,0.2207,0.0818,0.7298,0.1266,12.8231,0.0888,3.9848,0.0009,0.0114,0.9531,2.3626,40.38,15.0,27.3,0.122038567493113,0.000747737111373475,0.0281385281385281,0.0931523022432113,2541000.0,%
Nepal,0.3318,0.0312,5.4355,0.0,18.1511,0.1435,0.205,4.7443,0.9817,3.9212,0.0594,0.1536,0.0594,0.9107,0.4195,6.0521,0.0319,0.547,3.0677,0.0978,0.8209,9.277000000000001,44.5576,3.8,8.7,0.0777103613815175,0.00026336844912655,0.0549839978663822,0.0224629950660088,29996000.0,%
Netherlands,4.3903,0.3343,24.2977,0.0111,4.9685,0.747,1.1517,4.923,4.0105,18.0051,0.0,0.0397,0.1111,0.0852,0.064,4.2639,0.2904,2.3446,0.0,0.1587,0.8485,3.2587,25.6959,23.1,2,0.34383694967653305,0.0353695540161447,0.00135684433503177,0.30711055132535603,17467000.0,%
New Zealand,5.222,0.7446,17.5777,0.017,7.7522,0.7067,1.6771,4.0202,6.8421,7.4627,0.0,0.1275,0.3296,0.2414,0.0495,3.3719,0.2374,3.8188,0.0109,0.1499,0.5364,6.6889,32.4155,32.0,2,0.031481852817325004,0.000441146982153599,0.0305995588530178,0.000441146982153599,4987000.0,%
Nicaragua,1.7194,0.0836,13.1538,0.003,16.8052,0.5489999999999999,0.6557,3.8377,3.1044,8.5527,0.6658,0.2055,0.3354,1.3618,0.006,1.9118,0.005,5.7021,0.0,0.003,0.9227,3.5808,36.8356,21.8,17,0.0591570648878108,0.00186476652516677,0.0441631291691934,0.0131291691934506,6596000.0,%
Niger,0.0558,0.1185,7.2385,0.0,22.2843,0.0239,0.2022,2.5503,1.2702,5.4224,0.0687,0.2022,1.4804,3.4838,0.0807,1.3489,0.0349,0.3666,0.0,0.0,0.3975,10.6117,42.7585,4.7,16.5,0.00478730001240233,0.000285253627682004,0.0043904253999752,0.000111620984745132,24189000.0,%
Nigeria,4.0037,0.0151,1.7391,0.0,10.922,0.1976,0.7239,4.4268,0.5675,0.17300000000000001,0.0437,0.0627,0.4763,0.8311,0.1715,19.5271,0.0064,0.6501,0.0,0.0841,0.8573,6.2627,48.2585,7.8,13.4,0.0227355195498205,0.00046085184825846507,0.0161763849810808,0.006098282720481229,206140000.0,%
Norway,3.7939,0.6119,21.1992,0.0005,5.9777,0.6194,2.7466,4.2801,3.6083,13.5227,3.6634,0.0893,0.3113,0.3204,0.0235,2.8097,0.4819,2.2652,0.0,0.099,0.8697,3.9131,28.7933,25.0,2,0.17976610358269896,0.00475218117690737,0.164414330796362,0.0105995916094301,5387000.0,%
Pakistan,0.0085,0.0969,22.2758,0.0011,14.6224,0.3577,0.1831,2.4099,1.7957,19.6466,0.0117,0.1969,0.3577,0.6993,0.1618,1.8202,0.5258,2.6707,1.7915,0.0852,0.3417,2.2173,27.7226,7.8,20.3,0.128840409160858,0.0027595727346791,0.118024803113968,0.008056033312211459,220940000.0,%
Paraguay,3.9095,0.2191,11.2654,0.0,7.5639,0.9035,0.3119,5.4532,4.0434,5.3208,0.1788,0.4675,0.2745,0.6185,0.0082,12.5302,1.0112,2.4084,0.0,0.0015,1.0733,3.7113,38.726,19.0,10.7,0.09971054445210199,0.0011302549965541,0.0727222605099931,0.0258580289455548,7255000.0,%
Philippines,1.9716,0.3074,6.7108,0.0,20.0498,0.3527,2.4506,8.5466,3.2257,0.1045,0.1925,0.2717,0.5425,0.1106,0.034,2.8773,0.5399,2.3774,0.0,0.1838,0.4119,5.4481,43.2905,6.0,13.3,0.124691324225915,0.00209342860532392,0.0621996513994214,0.0603982442211697,109581000.0,%
Poland,6.8201,0.9842,16.559,0.0,7.9033,0.3702,0.5845,3.0079,4.85,9.7542,0.0,0.017,0.0798,0.1099,0.0202,5.5631,0.1509,2.4775,0.0,0.0476,0.3959,6.8655,33.439,25.6,2,0.136598206839033,0.00471486655546289,0.0961139491242702,0.0357693911592994,38368000.0,%
Romania,4.7679,0.3474,15.9287,0.0,8.0412,0.6848,0.2844,4.2115,3.0499,11.4018,0.2567,0.1594,0.0974,0.1045,0.1274,4.713,0.1398,1.4126,0.0,0.1093,0.7301,9.3641,34.0679,24.5,2,0.325071461982225,0.0141832545086014,0.157533392235331,0.153354815238293,19241000.0,%
Rwanda,1.3631,0.0186,2.6366,0.0,3.5380000000000003,0.0269,0.5279,15.7285,0.6257,1.3521,0.0283,0.0855,0.2233,2.5036,0.0179,20.4415,0.011000000000000001,0.5782,0.0,0.0,0.2109,2.7193,47.3634,4.8,36.8,0.016615194564546003,5.40457072266831e-05,0.0107473749227918,0.00581377393452749,12952000.0,%
Saint Vincent and the Grenadines,2.526,0.022000000000000002,11.0865,0.0,9.0142,0.3412,1.3785,10.470999999999998,6.9184,2.2593,1.9325,0.1672,0.1049,0.6452,0.2113,4.3734,0.2933,3.4592,0.0,0.0357,0.7227,5.1371,38.9005,23.8,5.7,0.0513513513513514,0.0,0.0468468468468468,0.0045045045045045,111000.0,%
Sao Tome and Principe,1.5187,0.022000000000000002,4.1199,0.0,7.3796,0.0562,2.3033,18.2736,1.2054,0.5152,0.424,0.0187,9.9865,0.3109,0.0293,3.7154,0.0073,2.5939,0.0,0.0024,0.7805,0.857,45.8801,10.6,7,0.41809523809523796,0.007142857142857141,0.38095238095238104,0.03,210000.0,%
Senegal,0.3209,0.0353,5.3434,0.0,25.9204,0.1878,2.0588,2.3456,1.6081,1.2496,0.0148,0.20600000000000002,0.7637,0.4712,0.0717,2.6177,0.1161,2.0941,0.0,0.1047,1.9325,7.8951,44.6423,7.4,11.3,0.0675585284280937,0.0014094601051122802,0.0441352126134735,0.0220138557095079,16744000.0,%
Serbia,4.3919999999999995,0.2524,16.7466,0.0,9.7485,0.6322,0.4148,5.9753,3.5893,11.619000000000002,0.0067,0.2389,0.1322,0.1805,0.0242,2.545,0.243,2.0255,0.0007,0.1268,0.4644,7.3941,33.2476,23.5,5.7,0.406238321115423,0.00928561161420152,0.0,0.3969527095012221,6957000.0,%
Sierra Leone,0.3009,0.0067,5.6877,0.0,19.9349,0.1343,2.5044,3.2119,0.7837,2.1711,0.2504,0.0857,0.5999,0.8913,0.0638,12.4228,0.0762,0.6323,0.0,0.1,1.276,4.5526,44.3138,7.5,25.6,0.0240315908236179,0.000864986837156826,0.0181396514980569,0.00502695248840416,7977000.0,%
Slovakia,6.1266,1.3559,18.9841,0.0,5.4026,0.9390000000000001,0.7045,3.5463,4.3096,11.4696,0.028999999999999998,0.2055,0.2055,0.0973,0.0421,3.6814,0.2513,5.5166,0.0,0.1118,1.4380000000000002,4.5601,31.0231,22.4,3.4,0.04758330281948,0.000567557671182717,0.0341633101428048,0.0128524350054925,5462000.0,%
Slovenia,4.9933,1.1248,18.9196,0.0005,7.6345,0.5376,0.6515,6.4367,4.1610000000000005,12.2569,0.6133,0.1879,0.1285,0.1106,0.0561,2.6837,0.2615,2.4915,0.0,0.1972,0.4739,5.002,31.0774,22.5,2,0.107227769852592,0.00608654303376129,0.0932001902044698,0.007941036614360441,2103000.0,%
Sri Lanka,0.6809999999999999,0.0147,5.5328,0.0039,20.7839,0.4178,3.0173,4.1171,0.8845,1.0948,0.0303,0.0998,7.1364,0.9608,0.5244,1.9793,0.2818,2.7209,0.0,0.135,0.2466,4.8753,44.4618,5.4,9,0.0130874777772713,5.0143593016365e-05,0.0118202124264941,0.00121712175776086,21937000.0,%
Sudan,0.0,0.0958,13.1178,0.0,12.9192,0.1176,0.1018,7.0919,2.1133,10.4116,0.0741,0.2796,0.49200000000000005,1.0631,0.0405,1.9167,0.1502,3.1231,0.7262,0.0,0.9366,8.3477,36.8813,7.4,20.1,0.0272663002577026,0.0017811124541038603,0.0142899495997628,0.0111952382038359,43849000.0,%
Suriname,4.1704,0.0438,6.7984,0.0,13.9476,0.5407,1.4348,8.6872,3.6451,1.0789,1.2414,0.0576,0.6757,0.1719,0.0224,2.4553,0.0903,4.7051,0.3207,0.0155,1.3351,5.3705,43.1917,26.5,8.5,0.411404958677686,0.00495867768595041,0.276694214876033,0.129752066115703,605000.0,%
Switzerland,4.9978,0.4802,22.4227,0.0022,5.9818,0.5377,0.9109,4.6041,3.6314,16.706,0.0,0.1549,0.1124,0.0995,0.0382,2.1542,0.3727,2.9737,0.0,0.2377,1.0637,4.9478,27.5705,21.2,2,0.42515635858234896,0.023013666898309,0.37526059763724795,0.0268820940467918,8634000.0,%
Thailand,3.6223,0.0902,7.7828,0.0325,17.5571,1.1143,2.6297,8.3291,2.4675,1.3279,0.009000000000000001,0.1199,1.2775,0.2344,0.6626,1.8887,0.1262,4.0424,0.0,0.0938,0.7816,3.5962,42.2145,10.8,7.8,0.00503652268013347,8.71734752156792e-05,0.00474945140830252,0.000199897796615264,66534000.0,%
Timor-Leste,0.4459,0.0897,5.4983,0.0,26.331999999999997,0.1025,1.0225,2.1027,4.0376,0.1307,0.8905,0.1153,0.5612,0.9098,0.05,5.5022,1.0136,2.8203,0.0,0.0013,0.6842,3.1867,44.503,2.9,24.9,0.0018968133535660103,0.0,0.00182094081942337,7.58725341426404e-05,1318000.0,%
Togo,1.0144,0.0292,3.6702,0.0,15.8144,0.1067,1.3178,0.91,1.4133,0.7246,0.7448,0.0775,0.4718,1.7626,0.0595,20.0654,0.0843,1.8312,0.0,0.0,1.4099,2.1637,46.3287,7.1,16.1,0.0128880299553086,0.000301968836816041,0.008805411281555741,0.00378064983693683,8279000.0,%
Trinidad and Tobago,2.4881,0.2804,12.7835,0.0,13.0903,0.4044,2.3299,4.9733,6.7063,2.8789,0.2413,0.1837,1.2016,0.8939,0.2305,3.5148,0.0899,5.62,0.0,0.0928,1.2563,3.5256,37.2145,19.7,5.5,0.0205259313367421,0.000584368151935719,0.0100803506208912,0.00986121256391527,1369000.0,%
Tunisia,0.7037,0.2083,9.6312,0.0,12.0523,0.4508,0.7615,5.4307,1.6411,6.4775,0.0116,0.0926,0.2031,0.4311,0.1065,1.7724,0.1979,2.0832,0.0,0.3489,1.2551,15.7731,40.3673,27.3,4.3,0.0144334229993275,0.00042871553463349,0.0106338264963013,0.00337088096839274,11896000.0,%
Turkey,0.6474,0.1459,12.3156,0.0,9.708,0.3956,0.2582,6.8321,2.0694,9.3619,0.0101,0.0857,0.272,0.682,0.1251,2.4947,0.2002,1.7004,0.0,0.4664,1.0174,13.5284,37.6836,32.2,2,0.288996500949401,0.00699571276735493,0.268662598373479,0.0133381898085673,83737000.0,%
Uganda,6.1671,0.0352,5.6473,0.0,6.747999999999999,0.0815,1.0442,11.3112,0.8978,3.4755,0.0371,0.113,0.6338,2.3942,0.012,12.360999999999999,0.013000000000000001,1.2601,0.0,0.0,0.7440000000000001,2.6703,44.3536,4.1,41,0.00283553048687173,1.96760018364268e-05,0.00248573489866859,0.000330119586366717,45741000.0,%
Ukraine,2.625,0.1753,13.1214,0.0006,9.3613,0.8434,0.6821,2.9418,2.7425,8.5442,0.006999999999999999,0.1339,0.0175,0.1099,0.0111,7.6721,0.0883,3.8811,0.0,0.0807,0.647,9.4361,36.8777,26.1,3.5,0.200612762698071,0.00466752836421083,0.10944276892144199,0.086502465412418,41778000.0,%
United Kingdom,5.2632,0.2754,18.8798,0.0006,6.5412,0.621,1.0911,4.9551,4.4181,12.3684,0.6658,0.1056,0.22399999999999998,0.2035,0.0653,5.1133,0.2461,2.4383,0.0,0.0901,0.7372,4.5851,31.1116,29.5,2,0.466634901727219,0.0694029184038118,0.00217837998808815,0.3950536033353189,67160000.0,%
United Republic of Tanzania,4.5185,0.0403,4.8022,0.0,10.4453,0.03,0.5828,6.8147,0.7902,3.3606,0.0214,0.0,1.2839,2.1761,0.0274,13.937000000000001,0.03,1.0345,0.0,0.042,0.9136,3.952,45.1973,7.1,30.7,0.00085211102554659,3.51558576355175e-05,0.000306358187966652,0.00051059697994442,59734000.0,%
Uruguay,3.5664,0.21,17.8865,0.0,10.251,0.7764,0.6058,5.3746,3.7863,12.3906,0.3918,0.1168,0.27699999999999997,0.1936,0.0144,3.0439999999999996,0.6169,3.4102,0.0,0.0131,1.0337,3.9333,32.1076,28.9,2,0.0386292834890966,0.00104786179552535,0.0324553950722175,0.00512602662135372,3531000.0,%
Uzbekistan,0.6835,0.1353,14.4463,0.0,10.5365,0.3566,0.1218,5.215,1.8621,11.7952,0.04,0.1748,0.0287,0.0022,0.0038,2.8891,0.0644,0.5796,0.0,0.0649,0.6109,14.8354,35.554,15.3,6.3,0.0916018025399426,0.000585240241118979,0.0672792181190379,0.0237373441797858,34174000.0,%
Venezuela (Bolivarian Republic of),2.5952,0.0403,14.7565,0.0,12.9253,0.3389,0.9456,7.646,3.8328,9.392000000000001,0.0702,0.2078,0.0281,0.3342,0.0009,2.5643,0.1479,3.4106,0.0,0.0009,1.3734,4.1474,35.2416,25.2,21.2,0.0935590853552103,0.000799441438296387,0.0591028102635713,0.0336568336533426,28645000.0,%
Vietnam,1.4591,0.16399999999999998,8.5765,0.0042,16.874000000000002,0.3077,2.6392,5.9029,4.4382,0.6069,0.0126,0.4149,0.841,0.2032,0.2074,1.0596,0.28800000000000003,1.2846,0.815,0.307,0.2201,11.9508,41.4232,2.1,9.3,0.0008803750168903119,1.5591056969722197e-05,0.00041472211539461,0.00045006184452598,96209000.0,%
Yemen,0.0364,0.0446,5.7874,0.0,27.2077,0.2579,0.524,5.1344,2.7871,1.8911,0.2033,0.2827,0.0893,0.8645,0.0347,1.0794,0.2199,5.0468,0.0,0.0017,1.0811,3.2135,44.2126,14.1,38.9,0.00614229196003487,0.00173673975725877,0.00306779320056327,0.0013377590022128302,29826000.0,%
Zambia,5.736000000000001,0.0829,6.0197,0.0,21.1938,0.3399,1.6924,1.0183,1.8427,1.757,0.2149,0.3048,1.8736,0.1756,0.0478,7.9649,0.0618,1.5632,0.0,0.0014,0.6657,3.4649,43.9789,6.5,46.7,0.0446583986074848,0.0013109225413403,0.0369995648389904,0.00634791122715405,18384000.0,%
Zimbabwe,4.0552,0.0755,8.1489,0.0,22.624000000000002,0.2678,0.5518,2.2,2.6142,4.431,0.2012,0.2086,0.4498,0.4261,0.0252,2.987,0.1494,4.6485,0.0,0.0518,1.7103,2.3213,41.8526,12.3,51.3,0.0319450985669111,0.000699724147211196,0.0102536500033641,0.0209917244163359,14863000.0,%
